--
-- PostgreSQL database dump
--

-- Dumped from database version 14.7
-- Dumped by pg_dump version 14.8 (Homebrew)

SET statement_timeout = 0;
SET lock_timeout = 0;
SET idle_in_transaction_session_timeout = 0;
SET client_encoding = 'UTF8';
SET standard_conforming_strings = on;
SELECT pg_catalog.set_config('search_path', '', false);
SET check_function_bodies = false;
SET xmloption = content;
SET client_min_messages = warning;
SET row_security = off;

SET default_tablespace = '';

SET default_table_access_method = heap;

--
-- Name: allusers_user; Type: TABLE; Schema: public; Owner: postgres
--

CREATE TABLE public.allusers_user (
    id bigint NOT NULL,
    last_login timestamp with time zone,
    is_superuser boolean NOT NULL,
    username character varying(150) NOT NULL,
    first_name character varying(150) NOT NULL,
    last_name character varying(150) NOT NULL,
    email character varying(254) NOT NULL,
    is_staff boolean NOT NULL,
    is_active boolean NOT NULL,
    date_joined timestamp with time zone NOT NULL,
    middle_name character varying(100) NOT NULL,
    phone_number character varying(20) NOT NULL,
    address character varying(200) NOT NULL,
    lga character varying(100) NOT NULL,
    state character varying(100) NOT NULL,
    country character varying(100) NOT NULL,
    date date NOT NULL,
    password character varying(128) NOT NULL
);


ALTER TABLE public.allusers_user OWNER TO postgres;

--
-- Name: allusers_user_groups; Type: TABLE; Schema: public; Owner: postgres
--

CREATE TABLE public.allusers_user_groups (
    id bigint NOT NULL,
    user_id bigint NOT NULL,
    group_id integer NOT NULL
);


ALTER TABLE public.allusers_user_groups OWNER TO postgres;

--
-- Name: allusers_user_groups_id_seq; Type: SEQUENCE; Schema: public; Owner: postgres
--

ALTER TABLE public.allusers_user_groups ALTER COLUMN id ADD GENERATED BY DEFAULT AS IDENTITY (
    SEQUENCE NAME public.allusers_user_groups_id_seq
    START WITH 1
    INCREMENT BY 1
    NO MINVALUE
    NO MAXVALUE
    CACHE 1
);


--
-- Name: allusers_user_id_seq; Type: SEQUENCE; Schema: public; Owner: postgres
--

ALTER TABLE public.allusers_user ALTER COLUMN id ADD GENERATED BY DEFAULT AS IDENTITY (
    SEQUENCE NAME public.allusers_user_id_seq
    START WITH 1
    INCREMENT BY 1
    NO MINVALUE
    NO MAXVALUE
    CACHE 1
);


--
-- Name: allusers_user_user_permissions; Type: TABLE; Schema: public; Owner: postgres
--

CREATE TABLE public.allusers_user_user_permissions (
    id bigint NOT NULL,
    user_id bigint NOT NULL,
    permission_id integer NOT NULL
);


ALTER TABLE public.allusers_user_user_permissions OWNER TO postgres;

--
-- Name: allusers_user_user_permissions_id_seq; Type: SEQUENCE; Schema: public; Owner: postgres
--

ALTER TABLE public.allusers_user_user_permissions ALTER COLUMN id ADD GENERATED BY DEFAULT AS IDENTITY (
    SEQUENCE NAME public.allusers_user_user_permissions_id_seq
    START WITH 1
    INCREMENT BY 1
    NO MINVALUE
    NO MAXVALUE
    CACHE 1
);


--
-- Name: auth_group; Type: TABLE; Schema: public; Owner: postgres
--

CREATE TABLE public.auth_group (
    id integer NOT NULL,
    name character varying(150) NOT NULL
);


ALTER TABLE public.auth_group OWNER TO postgres;

--
-- Name: auth_group_id_seq; Type: SEQUENCE; Schema: public; Owner: postgres
--

ALTER TABLE public.auth_group ALTER COLUMN id ADD GENERATED BY DEFAULT AS IDENTITY (
    SEQUENCE NAME public.auth_group_id_seq
    START WITH 1
    INCREMENT BY 1
    NO MINVALUE
    NO MAXVALUE
    CACHE 1
);


--
-- Name: auth_group_permissions; Type: TABLE; Schema: public; Owner: postgres
--

CREATE TABLE public.auth_group_permissions (
    id bigint NOT NULL,
    group_id integer NOT NULL,
    permission_id integer NOT NULL
);


ALTER TABLE public.auth_group_permissions OWNER TO postgres;

--
-- Name: auth_group_permissions_id_seq; Type: SEQUENCE; Schema: public; Owner: postgres
--

ALTER TABLE public.auth_group_permissions ALTER COLUMN id ADD GENERATED BY DEFAULT AS IDENTITY (
    SEQUENCE NAME public.auth_group_permissions_id_seq
    START WITH 1
    INCREMENT BY 1
    NO MINVALUE
    NO MAXVALUE
    CACHE 1
);


--
-- Name: auth_permission; Type: TABLE; Schema: public; Owner: postgres
--

CREATE TABLE public.auth_permission (
    id integer NOT NULL,
    name character varying(255) NOT NULL,
    content_type_id integer NOT NULL,
    codename character varying(100) NOT NULL
);


ALTER TABLE public.auth_permission OWNER TO postgres;

--
-- Name: auth_permission_id_seq; Type: SEQUENCE; Schema: public; Owner: postgres
--

ALTER TABLE public.auth_permission ALTER COLUMN id ADD GENERATED BY DEFAULT AS IDENTITY (
    SEQUENCE NAME public.auth_permission_id_seq
    START WITH 1
    INCREMENT BY 1
    NO MINVALUE
    NO MAXVALUE
    CACHE 1
);


--
-- Name: authtoken_token; Type: TABLE; Schema: public; Owner: postgres
--

CREATE TABLE public.authtoken_token (
    key character varying(40) NOT NULL,
    created timestamp with time zone NOT NULL,
    user_id bigint NOT NULL
);


ALTER TABLE public.authtoken_token OWNER TO postgres;

--
-- Name: complaints_complaint; Type: TABLE; Schema: public; Owner: postgres
--

CREATE TABLE public.complaints_complaint (
    id bigint NOT NULL,
    date date NOT NULL,
    title character varying(50) NOT NULL,
    complaint text NOT NULL,
    customer_id bigint NOT NULL
);


ALTER TABLE public.complaints_complaint OWNER TO postgres;

--
-- Name: complaints_complaint_id_seq; Type: SEQUENCE; Schema: public; Owner: postgres
--

ALTER TABLE public.complaints_complaint ALTER COLUMN id ADD GENERATED BY DEFAULT AS IDENTITY (
    SEQUENCE NAME public.complaints_complaint_id_seq
    START WITH 1
    INCREMENT BY 1
    NO MINVALUE
    NO MAXVALUE
    CACHE 1
);


--
-- Name: django_admin_log; Type: TABLE; Schema: public; Owner: postgres
--

CREATE TABLE public.django_admin_log (
    id integer NOT NULL,
    action_time timestamp with time zone NOT NULL,
    object_id text,
    object_repr character varying(200) NOT NULL,
    action_flag smallint NOT NULL,
    change_message text NOT NULL,
    content_type_id integer,
    user_id bigint NOT NULL,
    CONSTRAINT django_admin_log_action_flag_check CHECK ((action_flag >= 0))
);


ALTER TABLE public.django_admin_log OWNER TO postgres;

--
-- Name: django_admin_log_id_seq; Type: SEQUENCE; Schema: public; Owner: postgres
--

ALTER TABLE public.django_admin_log ALTER COLUMN id ADD GENERATED BY DEFAULT AS IDENTITY (
    SEQUENCE NAME public.django_admin_log_id_seq
    START WITH 1
    INCREMENT BY 1
    NO MINVALUE
    NO MAXVALUE
    CACHE 1
);


--
-- Name: django_content_type; Type: TABLE; Schema: public; Owner: postgres
--

CREATE TABLE public.django_content_type (
    id integer NOT NULL,
    app_label character varying(100) NOT NULL,
    model character varying(100) NOT NULL
);


ALTER TABLE public.django_content_type OWNER TO postgres;

--
-- Name: django_content_type_id_seq; Type: SEQUENCE; Schema: public; Owner: postgres
--

ALTER TABLE public.django_content_type ALTER COLUMN id ADD GENERATED BY DEFAULT AS IDENTITY (
    SEQUENCE NAME public.django_content_type_id_seq
    START WITH 1
    INCREMENT BY 1
    NO MINVALUE
    NO MAXVALUE
    CACHE 1
);


--
-- Name: django_migrations; Type: TABLE; Schema: public; Owner: postgres
--

CREATE TABLE public.django_migrations (
    id bigint NOT NULL,
    app character varying(255) NOT NULL,
    name character varying(255) NOT NULL,
    applied timestamp with time zone NOT NULL
);


ALTER TABLE public.django_migrations OWNER TO postgres;

--
-- Name: django_migrations_id_seq; Type: SEQUENCE; Schema: public; Owner: postgres
--

ALTER TABLE public.django_migrations ALTER COLUMN id ADD GENERATED BY DEFAULT AS IDENTITY (
    SEQUENCE NAME public.django_migrations_id_seq
    START WITH 1
    INCREMENT BY 1
    NO MINVALUE
    NO MAXVALUE
    CACHE 1
);


--
-- Name: django_session; Type: TABLE; Schema: public; Owner: postgres
--

CREATE TABLE public.django_session (
    session_key character varying(40) NOT NULL,
    session_data text NOT NULL,
    expire_date timestamp with time zone NOT NULL
);


ALTER TABLE public.django_session OWNER TO postgres;

--
-- Name: orders_order; Type: TABLE; Schema: public; Owner: postgres
--

CREATE TABLE public.orders_order (
    id character varying(16) NOT NULL,
    "paymentMethod" character varying(200),
    "taxPrice" numeric(12,2),
    "shippingPrice" numeric(12,2),
    "totalPrice" numeric(12,2),
    "isPaid" boolean NOT NULL,
    "paidAt" timestamp with time zone,
    "isDeliver" boolean NOT NULL,
    "deliveredAt" timestamp with time zone,
    "createdAt" timestamp with time zone,
    user_id bigint
);


ALTER TABLE public.orders_order OWNER TO postgres;

--
-- Name: orders_orderitem; Type: TABLE; Schema: public; Owner: postgres
--

CREATE TABLE public.orders_orderitem (
    id character varying(16) NOT NULL,
    name character varying(200),
    qty integer,
    price numeric(12,2),
    image character varying(200),
    order_id character varying(16),
    product_id character varying(16)
);


ALTER TABLE public.orders_orderitem OWNER TO postgres;

--
-- Name: products_category; Type: TABLE; Schema: public; Owner: postgres
--

CREATE TABLE public.products_category (
    id bigint NOT NULL,
    name character varying(100) NOT NULL
);


ALTER TABLE public.products_category OWNER TO postgres;

--
-- Name: products_category_id_seq; Type: SEQUENCE; Schema: public; Owner: postgres
--

ALTER TABLE public.products_category ALTER COLUMN id ADD GENERATED BY DEFAULT AS IDENTITY (
    SEQUENCE NAME public.products_category_id_seq
    START WITH 1
    INCREMENT BY 1
    NO MINVALUE
    NO MAXVALUE
    CACHE 1
);


--
-- Name: products_product; Type: TABLE; Schema: public; Owner: postgres
--

CREATE TABLE public.products_product (
    id character varying(16) NOT NULL,
    name character varying(200),
    image character varying(100),
    brand character varying(200),
    description text,
    rating numeric(12,2),
    "numReviews" integer,
    price numeric(12,2),
    "countInStock" integer NOT NULL,
    "createdAt" timestamp with time zone NOT NULL,
    discount integer NOT NULL,
    added_by_id bigint,
    category_id bigint
);


ALTER TABLE public.products_product OWNER TO postgres;

--
-- Name: ratings_rating; Type: TABLE; Schema: public; Owner: postgres
--

CREATE TABLE public.ratings_rating (
    id bigint NOT NULL,
    title character varying(200),
    rating integer NOT NULL,
    "createdAt" timestamp with time zone NOT NULL,
    review text,
    product_id character varying(16),
    user_id bigint
);


ALTER TABLE public.ratings_rating OWNER TO postgres;

--
-- Name: ratings_rating_id_seq; Type: SEQUENCE; Schema: public; Owner: postgres
--

ALTER TABLE public.ratings_rating ALTER COLUMN id ADD GENERATED BY DEFAULT AS IDENTITY (
    SEQUENCE NAME public.ratings_rating_id_seq
    START WITH 1
    INCREMENT BY 1
    NO MINVALUE
    NO MAXVALUE
    CACHE 1
);


--
-- Name: token_blacklist_blacklistedtoken; Type: TABLE; Schema: public; Owner: postgres
--

CREATE TABLE public.token_blacklist_blacklistedtoken (
    id bigint NOT NULL,
    blacklisted_at timestamp with time zone NOT NULL,
    token_id bigint NOT NULL
);


ALTER TABLE public.token_blacklist_blacklistedtoken OWNER TO postgres;

--
-- Name: token_blacklist_blacklistedtoken_id_seq; Type: SEQUENCE; Schema: public; Owner: postgres
--

ALTER TABLE public.token_blacklist_blacklistedtoken ALTER COLUMN id ADD GENERATED BY DEFAULT AS IDENTITY (
    SEQUENCE NAME public.token_blacklist_blacklistedtoken_id_seq
    START WITH 1
    INCREMENT BY 1
    NO MINVALUE
    NO MAXVALUE
    CACHE 1
);


--
-- Name: token_blacklist_outstandingtoken; Type: TABLE; Schema: public; Owner: postgres
--

CREATE TABLE public.token_blacklist_outstandingtoken (
    id bigint NOT NULL,
    token text NOT NULL,
    created_at timestamp with time zone,
    expires_at timestamp with time zone NOT NULL,
    user_id bigint,
    jti character varying(255) NOT NULL
);


ALTER TABLE public.token_blacklist_outstandingtoken OWNER TO postgres;

--
-- Name: token_blacklist_outstandingtoken_id_seq; Type: SEQUENCE; Schema: public; Owner: postgres
--

ALTER TABLE public.token_blacklist_outstandingtoken ALTER COLUMN id ADD GENERATED BY DEFAULT AS IDENTITY (
    SEQUENCE NAME public.token_blacklist_outstandingtoken_id_seq
    START WITH 1
    INCREMENT BY 1
    NO MINVALUE
    NO MAXVALUE
    CACHE 1
);


--
-- Data for Name: allusers_user; Type: TABLE DATA; Schema: public; Owner: postgres
--

COPY public.allusers_user (id, last_login, is_superuser, username, first_name, last_name, email, is_staff, is_active, date_joined, middle_name, phone_number, address, lga, state, country, date, password) FROM stdin;
1	2023-06-29 09:13:54.605865+00	t	chukwunonsodavid			nonsoilonze@gmail.com	t	t	2023-06-29 09:13:25.904578+00		+2348161417166					2023-06-29	pbkdf2_sha256$600000$aQBFBrM4xvoQWGML1jW63Y$3BJ5GZhr3Ris0+5O35/o9r6OGiu8nUWRWFkU2uDD8sU=
6	\N	f	tomiwa@gmail.com	Tomiwa	Peter	tomiwa@gmail.com	f	t	2023-06-29 13:50:29.472534+00	David	0909979790	14 Elsie Femi	EtiOsa	Lagos	Nigeria	2023-06-29	pbkdf2_sha256$600000$8EYCfCF1MSW8LoZddakRAF$IPioad0Yd2/Vo7eX0teX4Ubd5SoxRhmWMFC3JZTqqoA=
8	\N	f	nonsodavilo@gmail.com	Chukwunonso	David	nonsodavilo@gmail.com	f	t	2023-06-29 14:53:36.693707+00	David	08161417166	14 Elsie Femi	EtiOsa	Lagos	Nigeria	2023-06-29	!David5050?
\.


--
-- Data for Name: allusers_user_groups; Type: TABLE DATA; Schema: public; Owner: postgres
--

COPY public.allusers_user_groups (id, user_id, group_id) FROM stdin;
4	6	2
6	8	1
\.


--
-- Data for Name: allusers_user_user_permissions; Type: TABLE DATA; Schema: public; Owner: postgres
--

COPY public.allusers_user_user_permissions (id, user_id, permission_id) FROM stdin;
\.


--
-- Data for Name: auth_group; Type: TABLE DATA; Schema: public; Owner: postgres
--

COPY public.auth_group (id, name) FROM stdin;
1	Customer
2	Staff
\.


--
-- Data for Name: auth_group_permissions; Type: TABLE DATA; Schema: public; Owner: postgres
--

COPY public.auth_group_permissions (id, group_id, permission_id) FROM stdin;
1	1	29
2	1	30
3	1	31
4	1	32
5	1	33
6	1	34
7	1	35
8	1	36
9	1	37
10	1	38
11	1	39
12	1	40
13	1	41
14	1	42
15	1	44
16	1	45
17	1	46
18	1	48
19	1	49
20	1	50
21	1	51
22	1	52
23	1	61
24	1	62
25	1	64
26	1	65
27	1	66
28	1	68
29	2	8
30	2	12
31	2	13
32	2	16
33	2	20
34	2	21
35	2	22
36	2	23
37	2	24
38	2	25
39	2	26
40	2	27
41	2	28
42	2	29
43	2	30
44	2	31
45	2	32
46	2	33
47	2	34
48	2	35
49	2	36
50	2	37
51	2	38
52	2	39
53	2	40
54	2	41
55	2	42
56	2	43
57	2	44
58	2	45
59	2	46
60	2	47
61	2	48
62	2	49
63	2	52
64	2	53
65	2	56
66	2	57
67	2	60
68	2	61
69	2	62
70	2	63
71	2	64
72	2	65
73	2	66
74	2	67
75	2	68
\.


--
-- Data for Name: auth_permission; Type: TABLE DATA; Schema: public; Owner: postgres
--

COPY public.auth_permission (id, name, content_type_id, codename) FROM stdin;
1	Can add log entry	1	add_logentry
2	Can change log entry	1	change_logentry
3	Can delete log entry	1	delete_logentry
4	Can view log entry	1	view_logentry
5	Can add permission	2	add_permission
6	Can change permission	2	change_permission
7	Can delete permission	2	delete_permission
8	Can view permission	2	view_permission
9	Can add group	3	add_group
10	Can change group	3	change_group
11	Can delete group	3	delete_group
12	Can view group	3	view_group
13	Can add content type	4	add_contenttype
14	Can change content type	4	change_contenttype
15	Can delete content type	4	delete_contenttype
16	Can view content type	4	view_contenttype
17	Can add session	5	add_session
18	Can change session	5	change_session
19	Can delete session	5	delete_session
20	Can view session	5	view_session
21	Can add category	6	add_category
22	Can change category	6	change_category
23	Can delete category	6	delete_category
24	Can view category	6	view_category
25	Can add product	7	add_product
26	Can change product	7	change_product
27	Can delete product	7	delete_product
28	Can view product	7	view_product
29	Can add cart	8	add_cart
30	Can change cart	8	change_cart
31	Can delete cart	8	delete_cart
32	Can view cart	8	view_cart
33	Can add order	9	add_order
34	Can change order	9	change_order
35	Can delete order	9	delete_order
36	Can view order	9	view_order
37	Can add order item	10	add_orderitem
38	Can change order item	10	change_orderitem
39	Can delete order item	10	delete_orderitem
40	Can view order item	10	view_orderitem
41	Can add rating	11	add_rating
42	Can change rating	11	change_rating
43	Can delete rating	11	delete_rating
44	Can view rating	11	view_rating
45	Can add complaint	12	add_complaint
46	Can change complaint	12	change_complaint
47	Can delete complaint	12	delete_complaint
48	Can view complaint	12	view_complaint
49	Can add user	13	add_user
50	Can change user	13	change_user
51	Can delete user	13	delete_user
52	Can view user	13	view_user
53	Can add Token	14	add_token
54	Can change Token	14	change_token
55	Can delete Token	14	delete_token
56	Can view Token	14	view_token
57	Can add token	15	add_tokenproxy
58	Can change token	15	change_tokenproxy
59	Can delete token	15	delete_tokenproxy
60	Can view token	15	view_tokenproxy
61	Can add blacklisted token	16	add_blacklistedtoken
62	Can change blacklisted token	16	change_blacklistedtoken
63	Can delete blacklisted token	16	delete_blacklistedtoken
64	Can view blacklisted token	16	view_blacklistedtoken
65	Can add outstanding token	17	add_outstandingtoken
66	Can change outstanding token	17	change_outstandingtoken
67	Can delete outstanding token	17	delete_outstandingtoken
68	Can view outstanding token	17	view_outstandingtoken
\.


--
-- Data for Name: authtoken_token; Type: TABLE DATA; Schema: public; Owner: postgres
--

COPY public.authtoken_token (key, created, user_id) FROM stdin;
\.


--
-- Data for Name: complaints_complaint; Type: TABLE DATA; Schema: public; Owner: postgres
--

COPY public.complaints_complaint (id, date, title, complaint, customer_id) FROM stdin;
\.


--
-- Data for Name: django_admin_log; Type: TABLE DATA; Schema: public; Owner: postgres
--

COPY public.django_admin_log (id, action_time, object_id, object_repr, action_flag, change_message, content_type_id, user_id) FROM stdin;
1	2023-06-29 09:20:01.874953+00	1	Customer	1	[{"added": {}}]	3	1
2	2023-06-29 09:24:09.03358+00	2	Staff	1	[{"added": {}}]	3	1
3	2023-06-29 13:08:38.623537+00	2	nonsodavilo@gmail.com 8161417166	3		13	1
4	2023-06-29 13:13:04.181451+00	3	nonsodavilo@gmail.com 08161417166	3		13	1
5	2023-06-29 13:28:12.601187+00	4	nonsodavilo@gmail.com 08161417166	3		13	1
6	2023-06-29 14:45:18.608108+00	5	nonsodavilo@gmail.com 08161417166	3		13	1
7	2023-06-29 14:49:21.363406+00	7	nonsodavilo@gmail.com 08161417166	2	[{"changed": {"fields": ["Active"]}}]	13	1
8	2023-06-29 14:49:58.372001+00	7	nonsodavilo@gmail.com 08161417166	3		13	1
9	2023-07-01 10:55:34.200285+00	0099823102772095	iPowerPlus iPower Matrix Off-grid Inverter - 1kva - 12v - 56000.00	2	[{"changed": {"fields": ["Image"]}}]	7	1
10	2023-07-01 10:58:22.652881+00	0099823102772095	iPowerPlus iPower Matrix Off-grid Inverter - 1kva - 12v - 56000.00	2	[{"changed": {"fields": ["Image"]}}]	7	1
11	2023-07-02 13:29:08.231554+00	1	iPowerPlus iPower Matrix Off-grid Inverter - 1kva - 12v - 56000.00 - 10	1	[{"added": {}}]	11	1
12	2023-07-02 13:44:20.556527+00	1	iPowerPlus iPower Matrix Off-grid Inverter - 1kva - 12v - 56000.00 - 10	3		11	1
13	2023-07-02 13:44:58.304857+00	2	iPowerPlus iPower Matrix Off-grid Inverter - 1kva - 12v - 56000.00 - 9	1	[{"added": {}}]	11	1
\.


--
-- Data for Name: django_content_type; Type: TABLE DATA; Schema: public; Owner: postgres
--

COPY public.django_content_type (id, app_label, model) FROM stdin;
1	admin	logentry
2	auth	permission
3	auth	group
4	contenttypes	contenttype
5	sessions	session
6	products	category
7	products	product
8	carts	cart
9	orders	order
10	orders	orderitem
11	ratings	rating
12	complaints	complaint
13	allusers	user
14	authtoken	token
15	authtoken	tokenproxy
16	token_blacklist	blacklistedtoken
17	token_blacklist	outstandingtoken
\.


--
-- Data for Name: django_migrations; Type: TABLE DATA; Schema: public; Owner: postgres
--

COPY public.django_migrations (id, app, name, applied) FROM stdin;
1	contenttypes	0001_initial	2023-06-29 09:08:37.364437+00
2	contenttypes	0002_remove_content_type_name	2023-06-29 09:08:38.307527+00
3	auth	0001_initial	2023-06-29 09:08:41.064932+00
4	auth	0002_alter_permission_name_max_length	2023-06-29 09:08:41.68965+00
5	auth	0003_alter_user_email_max_length	2023-06-29 09:08:42.285755+00
6	auth	0004_alter_user_username_opts	2023-06-29 09:08:42.880135+00
7	auth	0005_alter_user_last_login_null	2023-06-29 09:08:43.455579+00
8	auth	0006_require_contenttypes_0002	2023-06-29 09:08:44.070642+00
9	auth	0007_alter_validators_add_error_messages	2023-06-29 09:08:44.667645+00
10	auth	0008_alter_user_username_max_length	2023-06-29 09:08:45.264392+00
11	auth	0009_alter_user_last_name_max_length	2023-06-29 09:08:45.88236+00
12	auth	0010_alter_group_name_max_length	2023-06-29 09:08:46.598014+00
13	auth	0011_update_proxy_permissions	2023-06-29 09:08:47.22499+00
14	auth	0012_alter_user_first_name_max_length	2023-06-29 09:08:47.815887+00
15	allusers	0001_initial	2023-06-29 09:08:50.725472+00
16	admin	0001_initial	2023-06-29 09:08:52.170966+00
17	admin	0002_logentry_remove_auto_add	2023-06-29 09:08:52.62602+00
18	admin	0003_logentry_add_action_flag_choices	2023-06-29 09:08:53.22399+00
19	authtoken	0001_initial	2023-06-29 09:08:54.448484+00
20	authtoken	0002_auto_20160226_1747	2023-06-29 09:08:54.926285+00
21	authtoken	0003_tokenproxy	2023-06-29 09:08:55.61182+00
22	products	0001_initial	2023-06-29 09:08:56.952795+00
23	carts	0001_initial	2023-06-29 09:08:58.305679+00
24	complaints	0001_initial	2023-06-29 09:08:59.364179+00
25	orders	0001_initial	2023-06-29 09:09:01.433875+00
26	ratings	0001_initial	2023-06-29 09:09:02.941905+00
27	sessions	0001_initial	2023-06-29 09:09:03.995397+00
28	token_blacklist	0001_initial	2023-06-29 09:09:05.36291+00
29	token_blacklist	0002_outstandingtoken_jti_hex	2023-06-29 09:09:05.954405+00
30	token_blacklist	0003_auto_20171017_2007	2023-06-29 09:09:06.699989+00
31	token_blacklist	0004_auto_20171017_2013	2023-06-29 09:09:07.740677+00
32	token_blacklist	0005_remove_outstandingtoken_jti	2023-06-29 09:09:08.485321+00
33	token_blacklist	0006_auto_20171017_2113	2023-06-29 09:09:09.265041+00
34	token_blacklist	0007_auto_20171017_2214	2023-06-29 09:09:10.865654+00
35	token_blacklist	0008_migrate_to_bigautofield	2023-06-29 09:09:13.142597+00
36	token_blacklist	0010_fix_migrate_to_bigautofield	2023-06-29 09:09:13.731337+00
37	token_blacklist	0011_linearizes_history	2023-06-29 09:09:14.335996+00
38	token_blacklist	0012_alter_outstandingtoken_user	2023-06-29 09:09:15.381824+00
39	products	0002_alter_product_category_alter_product_image	2023-07-01 06:06:44.431299+00
40	carts	0002_delete_cart	2023-07-01 08:40:42.008644+00
41	orders	0002_remove_orderitem_order_remove_orderitem_product_and_more	2023-07-01 08:40:44.118316+00
42	ratings	0002_delete_rating	2023-07-01 08:40:44.862251+00
43	products	0003_remove_product_added_by_remove_product_category_and_more	2023-07-01 08:40:47.428522+00
44	products	0004_initial	2023-07-01 08:48:45.664834+00
45	carts	0003_initial	2023-07-01 08:58:56.18416+00
46	ratings	0003_initial	2023-07-01 08:58:57.815784+00
47	products	0005_alter_product_image	2023-07-01 10:57:38.807379+00
48	products	0006_alter_product_image	2023-07-01 10:57:39.388211+00
49	products	0007_alter_product_countinstock_alter_product_discount	2023-07-01 12:37:15.432488+00
50	products	0008_alter_product_countinstock	2023-07-01 12:42:10.476777+00
51	orders	0003_initial	2023-07-01 13:28:13.861794+00
52	orders	0004_remove_orderitem_order_remove_orderitem_product_and_more	2023-07-02 11:43:04.353476+00
53	carts	0004_delete_cart	2023-07-02 11:45:50.103113+00
54	staff	0001_initial	2023-07-02 11:45:51.982789+00
55	staff	0002_delete_staff	2023-07-02 11:45:52.90449+00
56	orders	0005_initial	2023-07-02 13:00:17.998406+00
57	ratings	0004_rename_name_rating_title_remove_rating_comment_and_more	2023-07-02 13:19:55.19927+00
58	ratings	0005_alter_rating_rating	2023-07-02 13:27:36.133092+00
\.


--
-- Data for Name: django_session; Type: TABLE DATA; Schema: public; Owner: postgres
--

COPY public.django_session (session_key, session_data, expire_date) FROM stdin;
r8sfr6jz6sy5q634gn2levrq3i9qz2db	.eJxVjEEOwiAQRe_C2pChBQou3XsGAjODVA0kpV0Z765NutDtf-_9lwhxW0vYOi9hJnEWSpx-txTxwXUHdI_11iS2ui5zkrsiD9rltRE_L4f7d1BiL99as4nk_Og0Di4jW4NkvIGMNo-M5BPw4BToCQiUz4ATgrMIxo4xoRHvD_BFOAU:1qEnis:rjB76SPyQYkEGSJ17eMlws31b3i4U6o5bGBTe7Rjnf4	2023-07-13 09:13:54.748106+00
\.


--
-- Data for Name: orders_order; Type: TABLE DATA; Schema: public; Owner: postgres
--

COPY public.orders_order (id, "paymentMethod", "taxPrice", "shippingPrice", "totalPrice", "isPaid", "paidAt", "isDeliver", "deliveredAt", "createdAt", user_id) FROM stdin;
\.


--
-- Data for Name: orders_orderitem; Type: TABLE DATA; Schema: public; Owner: postgres
--

COPY public.orders_orderitem (id, name, qty, price, image, order_id, product_id) FROM stdin;
\.


--
-- Data for Name: products_category; Type: TABLE DATA; Schema: public; Owner: postgres
--

COPY public.products_category (id, name) FROM stdin;
1	Charge Controller
2	Inverter
3	Battery
4	Panel
\.


--
-- Data for Name: products_product; Type: TABLE DATA; Schema: public; Owner: postgres
--

COPY public.products_product (id, name, image, brand, description, rating, "numReviews", price, "countInStock", "createdAt", discount, added_by_id, category_id) FROM stdin;
9202771211104870	Famicare Deep Cycle Battery - 100AH	products/battery.jpeg	Famicare	It is a GEL battery that more stable and last longer than normal other batteries.\r\nMaintenance free.\r\nStand by voltage 13~13.8v..\r\nCaution:\r\nIt should be charged back fully regularly to prolong its lifetime. Eg, once fully charged back in a week or even in 10 days time. To do this (fully charge it back regularly) right, the battery will serve you in good condition for years.\r\nDo not always use it till it becomes empty. (It will cause user damage.)\r\nDo not always use it when it is just charged little. (It will cause user damage.)	\N	\N	72000.00	100	2023-07-01 11:15:39.155476+00	0	1	3
0099823102772095	iPowerPlus iPower Matrix Off-grid Inverter - 1kva - 12v	products/Inverter.jpg	iPowerPlus	Selectable input voltage ranges, charging current setting\r\nAuto restart when AC recovery\r\nUser-friendly LCD and LED indications with setting function\r\nEnvironmental Temperature control charge management\r\nRack design & wall mounted design for flexible installation\r\nIntelligent 3-stage charger control for efficient charging and preventing overcharge\r\nMultiple protection: Low battery alarm, Low battery shutdown, overcharge protection, overload protection, over temperature protection, short circuit protection\r\nFan speed automatic adjust, Low noise\r\nBattery Cut off point setting\r\nBuzzer alarm ON/OFF setting	10.00	1	56000.00	100	2023-07-01 10:17:55.690339+00	0	1	2
0125337055465015	D.Light Mobile Charging Solar Lantern - 5W - S610	products/D.LightMobileChargingSolarLantern-5W-S610.jpeg	D Light	The d.light S610 Mobile Charging Solar Lantern is a versatile lighting solution that offers ultra-bright 360-degree ambient solar light and the ability to charge mobile phones. Its unique egg-shaped dome lens spreads soft ambient lighting throughout a room, and its long-lasting battery allows for mobile phone charging via a USB port. The lantern includes a solar panel for outdoor or window placement, a mobile phone charging USB cable, and a 2-year warranty.\r\nThe S610 is ideal for charging mobile devices and other USB-powered devices, illuminating homes or outdoor areas for various activities, and providing lighting for shops or stores. It offers 15 hours of bright light, is 30 times brighter than kerosene, and is water-resistant. With the d.light S610, there's no need for candle lights, kerosene lamps, or unreliable rechargeable lanterns.	\N	\N	17500.00	1000	2023-07-01 12:35:55.250841+00	0	1	4
5489165860145387	Monocrystalline Solar Panel - 12v - 180w	products/MonocrystallineSolarPanel-12v-180w.jpeg	Mono	Solar Panels are built to last a lifetime,\r\nYou will need at least 2 of 180watts 12V to charge a 200amps battery sufficiently.\r\nWe have various sizes of solar panels,\r\nThe developed world is heading towards green energy because we need to save our planet.\r\nWith our current abundance of Sunlight,\r\nSolar energy should be our main source of power.\r\nPlease join us to use green energy.\r\nKey Features\r\nSolar panels are designed to last a lifetime\r\nNo need for PHCN\r\nSolar Panels are built to last a lifetime,\r\nYou will need at least 2 of 180watts 12V to charge a 200amps battery sufficiently.\r\nWe have various sizes of solar panels,\r\nThe developed world is heading towards green energy because we need to save our planet.\r\nWith our current abundance of Sunlight,\r\nSolar energy should be our main source of power.\r\nPlease join us to use green energy.\r\nKey Features\r\nSolar panels are designed to last a lifetime\r\nNo need for PHCN	\N	\N	48000.00	1	2023-07-01 12:24:07.158066+00	0	1	4
2509381901451083	60a Charge Controller Pwm- 12v - 24v	products/ChargeController.jpg	Yongfa	Simple button operation\r\nIntelligent PWM charge mode\r\nAdjustable charge-discharge control parameters\r\nOverload, Short Circuit Protection\r\nBattery reverse-discharge protection\r\nBattery reverse connection protection\r\nImage of LCD graphic symbol\r\nAutomatic Identification System Voltage level\r\nAutomatic Temperature Compensation\r\nSettable Operating mode of Load\r\nRemote monitoring and control function (custom)\r\nBattery Low Voltage Disconnection (LVD)\r\nAccumulated function of charge and discharge Ampere hours\r\nRated Current 60A\r\nRated Voltage 12V/24V\r\nMaximum Voltage of solar panel 50V	\N	\N	16500.00	1	2023-07-01 11:45:09.250943+00	0	1	1
6186493874726369	iPowerPlus Ipowerplus Infiniti 5kva Inverter	products/iPowerPlusIpowerplusInfiniti5kvaInverter.jpeg	ipower	iPower Infiniti 5KVA/48V Inverter PV Array:9000W	\N	\N	459000.00	1	2023-07-01 12:40:10.942666+00	0	1	2
2298165795661812	Solar Panel Mono - 500w	products/solarpanel.jpeg	Mono	The solar panel of 500W Monocrystalline 24 volts is composed of an anti-reflective glass that increases the level of transmissivity by 2%, which allows to take advantage of all the light projected by the sun and increase its efficiency by 2%.\r\n \r\nThe monocrystalline solar panel of 500W is a very efficient solution because it gives us more power in less space so we can increase the solar power installed in the same space or have the same installed solar power occupying less space. The solar panel of 500W Monocrystalline 24 volt is easy to assemble and install;\r\nWith the solar panel 500W Monocrystalline 24 volts, you will have great functionality for the generation of electric power in field huts, warehouses, buildings or usual homes.\r\nThe solar panel of 500W Monocrystalline 24 volts uses state-of-the-art materials developed by the photovoltaic industry. It has 96 cells placed in series\r\n \r\nThe typical application of solar panel 500W monocrystalline 24 volts is to supply electric power to electronic equipment of small and medium power that, by their characteristics, are located in areas far from urban centers, such as batteries away from conventional energy sources (example:\r\nA battery that is in some little use house) relief posts, lights, small beacons ... It is also widely used in self-consumption facilities due to its better ratio of power and size	\N	\N	155000.00	1	2023-07-01 11:57:02.597837+00	0	1	4
6047692231620110	Solar Panel Mono 600W	products/solarpanel_JeWYqz2.jpeg	Mono	The solar panel of 600W Monocrystalline 24 volts is composed of an anti-reflective glass that increases the level of transmissivity by 2%, which allows to take advantage of all the light projected by the sun and increase its efficiency by 2%.\r\n \r\nThe monocrystalline solar panel of 600W is a very efficient solution because it gives us more power in less space so we can increase the solar power installed in the same space or have the same installed solar power occupying less space. The solar panel of 600W Monocrystalline 24 volt is easy to assemble and install; With the solar panel 500W Monocrystalline 24 volts, you will have great functionality for the generation of electric power in field huts, warehouses, buildings or usual homes.\r\n \r\nThe solar panel of 500W Monocrystalline 24 volts uses state-of-the-art materials developed by the photovoltaic industry. It has 96 cells placed in series\r\n \r\nThe typical application of solar panel 600W monocrystalline 24 volts is to supply electric power to electronic equipment of small and medium power that, by their characteristics, are located in areas far from urban centers, such as batteries away from conventional energy sources (example: A battery that is in some little use house) relief posts, lights, small beacons ... It is also widely used in self-consumption facilities due to its better ratio of power and size	\N	\N	160000.00	1	2023-07-01 12:00:08.677703+00	0	1	4
9888738322060536	Mono Crystalline Solar Panels - 300w	products/MonoCrystallineSolarPanels-300w.jpeg	Mono	300W Monocrystalline Solar Panel is High in power but sleek in size, this monocrystalline solar panel is the perfect item for off-grid application. Constructed with heavy anodized frames and high transparent low iron glass, it will withstand heavy and high wind pressure. It also comes with competitive warranty — a 25-year limited power warranty\r\nHigh Quality 300W Monocrystalline solar panel\r\n• Perfect for 12-volt battery charging or multiple panels can be wired in series for 24/48-volt battery charging or for grid-tied or off-grid solar applications.\r\n• Diodes are pre-installed in junction box and a pair of 28 inches cables with MC4 connectors comes with the panel automatically.\r\n• Withstand high wind (2400Pa) and snow loads (5400Pa); resistant aluminum frame which allows the panels last for decades.\r\n• High modules conversion efficiency. Ideal output: 500 watt hours per day (depends on sunlight availability).\r\n• 25-year transferable power output warranty; 10-year material and workmanship warranty	\N	\N	80000.00	1	2023-07-01 12:19:41.306852+00	0	1	4
9815660316592658	Proton Deep Cycle Inverter Battery - 12volt - 200Ah	products/ProtonDeepCycleInverterBattery-12volt-200Ah.jpeg	Deep Cycle	12 volt 200ah 12 volt vrla battery offers high storage capacity. ... With its long design life, low self-discharge rate, good discharge performance, and wide operation temperature range, the ritar 200ah 12v agm battery is a leading brand for those wanting exceptional battery performance.\r\n \r\nFeatures Includes\r\n \r\n200ah/12v@10hr\r\nAGM deep cycle battery\r\nSealed maintenance-free\r\nStrong grid and specific paste plares\r\nup to 30% more cycle life, Rechargeable and highly efficient fast charging & low internal resistance\r\nSpill-proof, leak-proof\r\nStable quality & high reliability\r\nLong service life, float or cyclic\r\nLow pressure venting system\r\nHeavy duty grids\r\nLow self discharge\r\nSatisfies iec, jis and bs standards for wide operation temperature range	\N	\N	182000.00	1	2023-07-01 12:26:16.159022+00	0	1	3
0090978461151493	180ah Green Power Solar Deep Cycle Battery Slim Design 12v	products/180ahGreenPowerSolarDeepCycleBatterySlimDesign12v.jpeg	Deep Cycle	Delivering power when you need it, the Green Power 12 Volt 180AH uses a state of the art, heavy-duty, calcium-alloy grid that provides exceptional performance and service life in both float and cyclic applications.\r\nThis is an Absorbent Glass Mat (AGM) technology with a valve regulated design, that can be used in enclosed and indoor environments without leaking or maintenance, providing a superior performance for thousands of models.\r\nViforce batteries are utilized in a wide variety of applications including; Consumer Electronics, Electric Vehicles, Engine Starters, Golf Carts, Hunting, Lawn and Garden Tools, Medical Mobility, Motorcycles, Power sports, Portable Tools, Solar, Toys and Hobby, Access Control Devices, Emergency Lighting, Security and more.\r\nSpecifications: \r\nVoltage: 12 Volt\r\nAmperage: 180 AH\r\nChemistry: SLA, \r\nBattery	\N	\N	123400.00	1	2023-07-01 12:28:38.334887+00	0	1	3
8854898821389908	Mercury 12v Deep Cycle Battery - 200ah	products/12v-Deep-Cycle-Battery---200ah--8071110.jpg	Deep Cycle	This mercury 200AH Gel battery is a deep cycled sealed maintenance-free battery designed for inverters, telecommunication and other applications involving battery back-up need that involve continuous charging and discharging.\r\nTo keep your inverter as well as business up and running‎,‎ you need the Mercury 200 AMP Battery to convert the direct current to alternating current which set the output voltage in 200 amp‎‎ that meets the specification of your household appliances‎‎‎.‎‎ Power is stored in this battery as it is designed to store rechargeable current and provides a flow of power to your inverter when there is no public power supply available‎‎‎.‎‎‎ This Mercury battery is 200AH 12V‎‎‎.‎‎‎ It is also a lead acid battery‎‎‎,‎‎‎ what this means is that it will use a reversible chemical reaction to store its energy‎‎‎.‎‎‎ It uses lead plates in a solution of sulphuric acid which generates electric energy‎‎‎.‎‎‎ This electric energy is then used to power the inverter‎‎ which offers you stable light to enjoy all through the day‎.‎‎‎\r\nThe Mercury battery is the best method to provide alternative power for a limited period‎‎ as it typically takes some hours to recharge‎‎‎.‎‎‎ Here are some of the reason why the battery is best for you‎‎‎;‎ it has a low maintenance cost and it is not expensive to buy‎‎ unlike running your home with a generator‎‎‎,‎‎‎ the inverter operation is so quiet‎‎ and‎ there will be  no form of noise pollution‎‎‎.‎‎‎ Another important thing is that this battery has exceptional charge retention and recovering ability and also environmental friendly‎.‎‎‎ It has the ability to withstand overcharge‎,‎ discharge efficiently and‎‎ is not affected by shocks and vibration‎‎‎.‎‎‎ The battery can last for many years of continuous use before needing replacement‎‎‎‎ which‎‎ makes it a good choice as a back‎-up power provider‎‎‎.‎\r\nFeatures:\r\nLeak-proof and sealed construction\r\nMaintenance free\r\nCompact design and heavy duty grids\r\nLow self discharge\r\nWide operating temperature\r\nHigh impact resistive plastic cast\r\n56.5kg weight\r\n225mm x 523mm x 240mm volume	\N	\N	198000.00	1	2023-07-01 12:31:21.427643+00	0	1	3
6539205460111435	Solar Generator	products/Solar-Generator-4837219.jpg		This Solar Generator is built up of  130watts solar panel, a 10amps solar charger controller, a 800va/1000watts inverter and a 100amps battery. BENEFITS OF USING OUR SOLAR GENERATORS *No more unsteady power supply of the PHCN. *You can now enjoy  24/7 power supply generated by yourself. *It is smoke free. *It is sound free. *It is maintenance free. *No petrol/diesel cost *Automatic changeover (seamless) *It is ozone layer friendly. *There are no hidden cost. *wide range of sizes, suitable for small rooms, offices, flats, duplex, Hospitals, Schools etc. The world is going green, we sholud all get solar generators to reduce carbon emmissions.	\N	\N	189000.00	1	2023-07-01 12:33:16.194883+00	0	1	2
7551774632595972	Talkers Solar Charge Controller-PWM 12V/24V 60A	products/Solar-Charge-Controller-PWM-12V-24V-60A-4382810_4.jpg	Talkers	TK50D 12V/24V 60A PWM solar charge controller is a one in a kind of intelligent, multi-purpose solar controllers. It has a Fixed LCD display with a very friendly user interface. It PMW smart charging capabilities are one of industry latest innovation which complements it Temperature compensation sensor(extends battery life in most systems by at least 20% in Tropical Zones e.g Nigeria, Brazil). This solar charge controller various control parameters can be flexibly set to fully meet your various application requirements.\r\nBenefits\r\n•Data such as voltage, current and state of charge can also be displayed digitally as figures on the display.\r\n•Comes with Temperature sensor for smarter battery charging\r\n•Aluminium framing for efficient cooling and neat installation\r\n•Large surface area of connection ports for wire gauge 4mm-16mm\r\n1. Overload protection \r\n2. Short circuit protection\r\n3. Converse discharge protection\r\n4. Reverse polarity connection protection\r\n5. Thunder protection\r\n6. Low voltage protection\r\n7. Overcharge protection\r\n8. Batteries stop and charge voltage HVD sets up\r\n9. Charge and low voltage LCD sets up\r\n10. Display the capability of the battery SOC \r\n11. Loads and comeback setups. \r\n12. Intellectualized temperature compensation \r\n13. Record, calculate and display the charged AH on the LCD screen. \r\n14. CPU control and LCD display\r\n \r\nModel\r\n\r\nMax Load current\r\n\r\nRated voltage\r\n\r\nInput voltage range\r\n\r\nNo load loss\r\n\r\nMax wire area\r\n\r\nAmbient temperature\r\nWeight\r\n\r\nDimension\r\n\r\nWorking Humidity\r\n \r\nTK50D\r\n60A\r\n\r\n12V/24V auto switch\r\n≤22V /≤50V\r\n≤14mA\r\n30mm²\r\n-20-+55\r\n764g\r\n188*125*48.5(mm)\r\n\r\n10%-90%\r\n \r\n \r\nTalkers Energy undertake strict quality control system, insist on perfect workmanship and the use of top quality materials.\r\nAnd our products have been CE, CB and SASO certified. Our pursuit of first-rate quality, competitive prices and considerate after-sales services offers both potential and long-standing client confidence in our company.	\N	\N	32000.00	20	2023-07-01 12:45:02.834098+00	2	1	1
\.


--
-- Data for Name: ratings_rating; Type: TABLE DATA; Schema: public; Owner: postgres
--

COPY public.ratings_rating (id, title, rating, "createdAt", review, product_id, user_id) FROM stdin;
2	Good	9	2023-07-02 13:44:58.12116+00	I love this product	0099823102772095	8
3	Very Good	10	2023-07-03 09:05:05.84897+00	The product is working very well	0099823102772095	1
\.


--
-- Data for Name: token_blacklist_blacklistedtoken; Type: TABLE DATA; Schema: public; Owner: postgres
--

COPY public.token_blacklist_blacklistedtoken (id, blacklisted_at, token_id) FROM stdin;
1	2023-06-29 11:10:19.428746+00	2
\.


--
-- Data for Name: token_blacklist_outstandingtoken; Type: TABLE DATA; Schema: public; Owner: postgres
--

COPY public.token_blacklist_outstandingtoken (id, token, created_at, expires_at, user_id, jti) FROM stdin;
1	eyJ0eXAiOiJKV1QiLCJhbGciOiJIUzI1NiJ9.eyJ0b2tlbl90eXBlIjoicmVmcmVzaCIsImV4cCI6MTY4ODEyMDc0NywiaWF0IjoxNjg4MDM0MzQ3LCJqdGkiOiJmNDk4MTI4ZTYxNTg0MzFmOWRkZTlhYjkxMDgwMTRjZiIsInVzZXJfaWQiOjF9.8b0uGIpKPeADyOQppRuAG-m1Pt4xpG6xSI7ZhCeVOjw	2023-06-29 10:25:47.361129+00	2023-06-30 10:25:47+00	1	f498128e6158431f9dde9ab9108014cf
2	eyJ0eXAiOiJKV1QiLCJhbGciOiJIUzI1NiJ9.eyJ0b2tlbl90eXBlIjoicmVmcmVzaCIsImV4cCI6MTY4ODEyMjUxOCwiaWF0IjoxNjg4MDM2MTE4LCJqdGkiOiJmZGEyNjg0Yzg4YjM0ZTdkOWRkOWU5MWU2YzAwZjU3YiIsInVzZXJfaWQiOjF9.llggwOq4nrPkxzaOmWHho120XnfZvDK7jgddNjDtFPQ	2023-06-29 10:55:18.43983+00	2023-06-30 10:55:18+00	1	fda2684c88b34e7d9dd9e91e6c00f57b
4	eyJ0eXAiOiJKV1QiLCJhbGciOiJIUzI1NiJ9.eyJ0b2tlbl90eXBlIjoicmVmcmVzaCIsImV4cCI6MTY4ODEzMjk5OSwiaWF0IjoxNjg4MDQ2NTk5LCJqdGkiOiIyM2FlM2IzNjJiN2Y0ZTBiOWUxODQ4ZDQzYjVhMzM0YiIsInVzZXJfaWQiOjF9.TtC_Tq3WBPU27WMscRu-zVEa0cxxxSuTjLPsnk4sCqI	2023-06-29 13:49:59.081191+00	2023-06-30 13:49:59+00	1	23ae3b362b7f4e0b9e1848d43b5a334b
3	eyJ0eXAiOiJKV1QiLCJhbGciOiJIUzI1NiJ9.eyJ0b2tlbl90eXBlIjoicmVmcmVzaCIsImV4cCI6MTY4ODEzMTc1NiwiaWF0IjoxNjg4MDQ1MzU2LCJqdGkiOiIxNzhmODI4NjJkMjc0ZmQ3YmRmZWU3ZmI5OGIyODk1NSIsInVzZXJfaWQiOjV9.2O3R1m1kGWH0tYzHWHJUT5iFMc9urYhoLqtLIWKRN8s	2023-06-29 13:29:16.13067+00	2023-06-30 13:29:16+00	\N	178f82862d274fd7bdfee7fb98b28955
5	eyJ0eXAiOiJKV1QiLCJhbGciOiJIUzI1NiJ9.eyJ0b2tlbl90eXBlIjoicmVmcmVzaCIsImV4cCI6MTY4ODIyNTU3MCwiaWF0IjoxNjg4MTM5MTcwLCJqdGkiOiI4YzM3ZjIzYzI5MmI0ZGExYTA4NTIxZGY0N2Y2NTdlNSIsInVzZXJfaWQiOjF9.JZbV0Ht88m00_M3qly_L7fv3-meSK8f5mp-kCy1aquw	2023-06-30 15:32:50.161994+00	2023-07-01 15:32:50+00	1	8c37f23c292b4da1a08521df47f657e5
6	eyJ0eXAiOiJKV1QiLCJhbGciOiJIUzI1NiJ9.eyJ0b2tlbl90eXBlIjoicmVmcmVzaCIsImV4cCI6MTY4ODI5MjU2MCwiaWF0IjoxNjg4MjA2MTYwLCJqdGkiOiIzY2Y5ZDY1YzJhNjk0ZTk0YTI3Nzg2OGE1ZmFkMzVjZSIsInVzZXJfaWQiOjF9.MUKVyUsV1bnlP7GA_RHZGvINmKfRdn4__wAeLktWaPA	2023-07-01 10:09:20.135746+00	2023-07-02 10:09:20+00	1	3cf9d65c2a694e94a277868a5fad35ce
7	eyJ0eXAiOiJKV1QiLCJhbGciOiJIUzI1NiJ9.eyJ0b2tlbl90eXBlIjoicmVmcmVzaCIsImV4cCI6MTY4ODQ2MDY5NywiaWF0IjoxNjg4Mzc0Mjk3LCJqdGkiOiJhOTdkODA1YTdlY2Y0NDJiYTkwNmZkM2Y5ZjkxYTA5ZSIsInVzZXJfaWQiOjF9.PmLaT8Xr8Z1Z_wb0dvXWsJx-sSC-TbjlAj7wPTCqVM0	2023-07-03 08:51:37.5544+00	2023-07-04 08:51:37+00	1	a97d805a7ecf442ba906fd3f9f91a09e
\.


--
-- Name: allusers_user_groups_id_seq; Type: SEQUENCE SET; Schema: public; Owner: postgres
--

SELECT pg_catalog.setval('public.allusers_user_groups_id_seq', 6, true);


--
-- Name: allusers_user_id_seq; Type: SEQUENCE SET; Schema: public; Owner: postgres
--

SELECT pg_catalog.setval('public.allusers_user_id_seq', 8, true);


--
-- Name: allusers_user_user_permissions_id_seq; Type: SEQUENCE SET; Schema: public; Owner: postgres
--

SELECT pg_catalog.setval('public.allusers_user_user_permissions_id_seq', 1, false);


--
-- Name: auth_group_id_seq; Type: SEQUENCE SET; Schema: public; Owner: postgres
--

SELECT pg_catalog.setval('public.auth_group_id_seq', 2, true);


--
-- Name: auth_group_permissions_id_seq; Type: SEQUENCE SET; Schema: public; Owner: postgres
--

SELECT pg_catalog.setval('public.auth_group_permissions_id_seq', 75, true);


--
-- Name: auth_permission_id_seq; Type: SEQUENCE SET; Schema: public; Owner: postgres
--

SELECT pg_catalog.setval('public.auth_permission_id_seq', 68, true);


--
-- Name: complaints_complaint_id_seq; Type: SEQUENCE SET; Schema: public; Owner: postgres
--

SELECT pg_catalog.setval('public.complaints_complaint_id_seq', 1, false);


--
-- Name: django_admin_log_id_seq; Type: SEQUENCE SET; Schema: public; Owner: postgres
--

SELECT pg_catalog.setval('public.django_admin_log_id_seq', 13, true);


--
-- Name: django_content_type_id_seq; Type: SEQUENCE SET; Schema: public; Owner: postgres
--

SELECT pg_catalog.setval('public.django_content_type_id_seq', 17, true);


--
-- Name: django_migrations_id_seq; Type: SEQUENCE SET; Schema: public; Owner: postgres
--

SELECT pg_catalog.setval('public.django_migrations_id_seq', 58, true);


--
-- Name: products_category_id_seq; Type: SEQUENCE SET; Schema: public; Owner: postgres
--

SELECT pg_catalog.setval('public.products_category_id_seq', 4, true);


--
-- Name: ratings_rating_id_seq; Type: SEQUENCE SET; Schema: public; Owner: postgres
--

SELECT pg_catalog.setval('public.ratings_rating_id_seq', 3, true);


--
-- Name: token_blacklist_blacklistedtoken_id_seq; Type: SEQUENCE SET; Schema: public; Owner: postgres
--

SELECT pg_catalog.setval('public.token_blacklist_blacklistedtoken_id_seq', 3, true);


--
-- Name: token_blacklist_outstandingtoken_id_seq; Type: SEQUENCE SET; Schema: public; Owner: postgres
--

SELECT pg_catalog.setval('public.token_blacklist_outstandingtoken_id_seq', 7, true);


--
-- Name: allusers_user_groups allusers_user_groups_pkey; Type: CONSTRAINT; Schema: public; Owner: postgres
--

ALTER TABLE ONLY public.allusers_user_groups
    ADD CONSTRAINT allusers_user_groups_pkey PRIMARY KEY (id);


--
-- Name: allusers_user_groups allusers_user_groups_user_id_group_id_b62b2aa6_uniq; Type: CONSTRAINT; Schema: public; Owner: postgres
--

ALTER TABLE ONLY public.allusers_user_groups
    ADD CONSTRAINT allusers_user_groups_user_id_group_id_b62b2aa6_uniq UNIQUE (user_id, group_id);


--
-- Name: allusers_user allusers_user_pkey; Type: CONSTRAINT; Schema: public; Owner: postgres
--

ALTER TABLE ONLY public.allusers_user
    ADD CONSTRAINT allusers_user_pkey PRIMARY KEY (id);


--
-- Name: allusers_user_user_permissions allusers_user_user_permi_user_id_permission_id_eb74b010_uniq; Type: CONSTRAINT; Schema: public; Owner: postgres
--

ALTER TABLE ONLY public.allusers_user_user_permissions
    ADD CONSTRAINT allusers_user_user_permi_user_id_permission_id_eb74b010_uniq UNIQUE (user_id, permission_id);


--
-- Name: allusers_user_user_permissions allusers_user_user_permissions_pkey; Type: CONSTRAINT; Schema: public; Owner: postgres
--

ALTER TABLE ONLY public.allusers_user_user_permissions
    ADD CONSTRAINT allusers_user_user_permissions_pkey PRIMARY KEY (id);


--
-- Name: allusers_user allusers_user_username_key; Type: CONSTRAINT; Schema: public; Owner: postgres
--

ALTER TABLE ONLY public.allusers_user
    ADD CONSTRAINT allusers_user_username_key UNIQUE (username);


--
-- Name: auth_group auth_group_name_key; Type: CONSTRAINT; Schema: public; Owner: postgres
--

ALTER TABLE ONLY public.auth_group
    ADD CONSTRAINT auth_group_name_key UNIQUE (name);


--
-- Name: auth_group_permissions auth_group_permissions_group_id_permission_id_0cd325b0_uniq; Type: CONSTRAINT; Schema: public; Owner: postgres
--

ALTER TABLE ONLY public.auth_group_permissions
    ADD CONSTRAINT auth_group_permissions_group_id_permission_id_0cd325b0_uniq UNIQUE (group_id, permission_id);


--
-- Name: auth_group_permissions auth_group_permissions_pkey; Type: CONSTRAINT; Schema: public; Owner: postgres
--

ALTER TABLE ONLY public.auth_group_permissions
    ADD CONSTRAINT auth_group_permissions_pkey PRIMARY KEY (id);


--
-- Name: auth_group auth_group_pkey; Type: CONSTRAINT; Schema: public; Owner: postgres
--

ALTER TABLE ONLY public.auth_group
    ADD CONSTRAINT auth_group_pkey PRIMARY KEY (id);


--
-- Name: auth_permission auth_permission_content_type_id_codename_01ab375a_uniq; Type: CONSTRAINT; Schema: public; Owner: postgres
--

ALTER TABLE ONLY public.auth_permission
    ADD CONSTRAINT auth_permission_content_type_id_codename_01ab375a_uniq UNIQUE (content_type_id, codename);


--
-- Name: auth_permission auth_permission_pkey; Type: CONSTRAINT; Schema: public; Owner: postgres
--

ALTER TABLE ONLY public.auth_permission
    ADD CONSTRAINT auth_permission_pkey PRIMARY KEY (id);


--
-- Name: authtoken_token authtoken_token_pkey; Type: CONSTRAINT; Schema: public; Owner: postgres
--

ALTER TABLE ONLY public.authtoken_token
    ADD CONSTRAINT authtoken_token_pkey PRIMARY KEY (key);


--
-- Name: authtoken_token authtoken_token_user_id_key; Type: CONSTRAINT; Schema: public; Owner: postgres
--

ALTER TABLE ONLY public.authtoken_token
    ADD CONSTRAINT authtoken_token_user_id_key UNIQUE (user_id);


--
-- Name: complaints_complaint complaints_complaint_pkey; Type: CONSTRAINT; Schema: public; Owner: postgres
--

ALTER TABLE ONLY public.complaints_complaint
    ADD CONSTRAINT complaints_complaint_pkey PRIMARY KEY (id);


--
-- Name: django_admin_log django_admin_log_pkey; Type: CONSTRAINT; Schema: public; Owner: postgres
--

ALTER TABLE ONLY public.django_admin_log
    ADD CONSTRAINT django_admin_log_pkey PRIMARY KEY (id);


--
-- Name: django_content_type django_content_type_app_label_model_76bd3d3b_uniq; Type: CONSTRAINT; Schema: public; Owner: postgres
--

ALTER TABLE ONLY public.django_content_type
    ADD CONSTRAINT django_content_type_app_label_model_76bd3d3b_uniq UNIQUE (app_label, model);


--
-- Name: django_content_type django_content_type_pkey; Type: CONSTRAINT; Schema: public; Owner: postgres
--

ALTER TABLE ONLY public.django_content_type
    ADD CONSTRAINT django_content_type_pkey PRIMARY KEY (id);


--
-- Name: django_migrations django_migrations_pkey; Type: CONSTRAINT; Schema: public; Owner: postgres
--

ALTER TABLE ONLY public.django_migrations
    ADD CONSTRAINT django_migrations_pkey PRIMARY KEY (id);


--
-- Name: django_session django_session_pkey; Type: CONSTRAINT; Schema: public; Owner: postgres
--

ALTER TABLE ONLY public.django_session
    ADD CONSTRAINT django_session_pkey PRIMARY KEY (session_key);


--
-- Name: orders_order orders_order_pkey; Type: CONSTRAINT; Schema: public; Owner: postgres
--

ALTER TABLE ONLY public.orders_order
    ADD CONSTRAINT orders_order_pkey PRIMARY KEY (id);


--
-- Name: orders_orderitem orders_orderitem_pkey; Type: CONSTRAINT; Schema: public; Owner: postgres
--

ALTER TABLE ONLY public.orders_orderitem
    ADD CONSTRAINT orders_orderitem_pkey PRIMARY KEY (id);


--
-- Name: products_category products_category_pkey; Type: CONSTRAINT; Schema: public; Owner: postgres
--

ALTER TABLE ONLY public.products_category
    ADD CONSTRAINT products_category_pkey PRIMARY KEY (id);


--
-- Name: products_product products_product_pkey; Type: CONSTRAINT; Schema: public; Owner: postgres
--

ALTER TABLE ONLY public.products_product
    ADD CONSTRAINT products_product_pkey PRIMARY KEY (id);


--
-- Name: ratings_rating ratings_rating_pkey; Type: CONSTRAINT; Schema: public; Owner: postgres
--

ALTER TABLE ONLY public.ratings_rating
    ADD CONSTRAINT ratings_rating_pkey PRIMARY KEY (id);


--
-- Name: token_blacklist_blacklistedtoken token_blacklist_blacklistedtoken_pkey; Type: CONSTRAINT; Schema: public; Owner: postgres
--

ALTER TABLE ONLY public.token_blacklist_blacklistedtoken
    ADD CONSTRAINT token_blacklist_blacklistedtoken_pkey PRIMARY KEY (id);


--
-- Name: token_blacklist_blacklistedtoken token_blacklist_blacklistedtoken_token_id_key; Type: CONSTRAINT; Schema: public; Owner: postgres
--

ALTER TABLE ONLY public.token_blacklist_blacklistedtoken
    ADD CONSTRAINT token_blacklist_blacklistedtoken_token_id_key UNIQUE (token_id);


--
-- Name: token_blacklist_outstandingtoken token_blacklist_outstandingtoken_jti_hex_d9bdf6f7_uniq; Type: CONSTRAINT; Schema: public; Owner: postgres
--

ALTER TABLE ONLY public.token_blacklist_outstandingtoken
    ADD CONSTRAINT token_blacklist_outstandingtoken_jti_hex_d9bdf6f7_uniq UNIQUE (jti);


--
-- Name: token_blacklist_outstandingtoken token_blacklist_outstandingtoken_pkey; Type: CONSTRAINT; Schema: public; Owner: postgres
--

ALTER TABLE ONLY public.token_blacklist_outstandingtoken
    ADD CONSTRAINT token_blacklist_outstandingtoken_pkey PRIMARY KEY (id);


--
-- Name: allusers_user_groups_group_id_b0c0603b; Type: INDEX; Schema: public; Owner: postgres
--

CREATE INDEX allusers_user_groups_group_id_b0c0603b ON public.allusers_user_groups USING btree (group_id);


--
-- Name: allusers_user_groups_user_id_9ac164e1; Type: INDEX; Schema: public; Owner: postgres
--

CREATE INDEX allusers_user_groups_user_id_9ac164e1 ON public.allusers_user_groups USING btree (user_id);


--
-- Name: allusers_user_user_permissions_permission_id_71a6467a; Type: INDEX; Schema: public; Owner: postgres
--

CREATE INDEX allusers_user_user_permissions_permission_id_71a6467a ON public.allusers_user_user_permissions USING btree (permission_id);


--
-- Name: allusers_user_user_permissions_user_id_98561278; Type: INDEX; Schema: public; Owner: postgres
--

CREATE INDEX allusers_user_user_permissions_user_id_98561278 ON public.allusers_user_user_permissions USING btree (user_id);


--
-- Name: allusers_user_username_98312967_like; Type: INDEX; Schema: public; Owner: postgres
--

CREATE INDEX allusers_user_username_98312967_like ON public.allusers_user USING btree (username varchar_pattern_ops);


--
-- Name: auth_group_name_a6ea08ec_like; Type: INDEX; Schema: public; Owner: postgres
--

CREATE INDEX auth_group_name_a6ea08ec_like ON public.auth_group USING btree (name varchar_pattern_ops);


--
-- Name: auth_group_permissions_group_id_b120cbf9; Type: INDEX; Schema: public; Owner: postgres
--

CREATE INDEX auth_group_permissions_group_id_b120cbf9 ON public.auth_group_permissions USING btree (group_id);


--
-- Name: auth_group_permissions_permission_id_84c5c92e; Type: INDEX; Schema: public; Owner: postgres
--

CREATE INDEX auth_group_permissions_permission_id_84c5c92e ON public.auth_group_permissions USING btree (permission_id);


--
-- Name: auth_permission_content_type_id_2f476e4b; Type: INDEX; Schema: public; Owner: postgres
--

CREATE INDEX auth_permission_content_type_id_2f476e4b ON public.auth_permission USING btree (content_type_id);


--
-- Name: authtoken_token_key_10f0b77e_like; Type: INDEX; Schema: public; Owner: postgres
--

CREATE INDEX authtoken_token_key_10f0b77e_like ON public.authtoken_token USING btree (key varchar_pattern_ops);


--
-- Name: complaints_complaint_customer_id_299bf0f5; Type: INDEX; Schema: public; Owner: postgres
--

CREATE INDEX complaints_complaint_customer_id_299bf0f5 ON public.complaints_complaint USING btree (customer_id);


--
-- Name: django_admin_log_content_type_id_c4bce8eb; Type: INDEX; Schema: public; Owner: postgres
--

CREATE INDEX django_admin_log_content_type_id_c4bce8eb ON public.django_admin_log USING btree (content_type_id);


--
-- Name: django_admin_log_user_id_c564eba6; Type: INDEX; Schema: public; Owner: postgres
--

CREATE INDEX django_admin_log_user_id_c564eba6 ON public.django_admin_log USING btree (user_id);


--
-- Name: django_session_expire_date_a5c62663; Type: INDEX; Schema: public; Owner: postgres
--

CREATE INDEX django_session_expire_date_a5c62663 ON public.django_session USING btree (expire_date);


--
-- Name: django_session_session_key_c0390e0f_like; Type: INDEX; Schema: public; Owner: postgres
--

CREATE INDEX django_session_session_key_c0390e0f_like ON public.django_session USING btree (session_key varchar_pattern_ops);


--
-- Name: orders_order_id_66f898cd_like; Type: INDEX; Schema: public; Owner: postgres
--

CREATE INDEX orders_order_id_66f898cd_like ON public.orders_order USING btree (id varchar_pattern_ops);


--
-- Name: orders_order_user_id_e9b59eb1; Type: INDEX; Schema: public; Owner: postgres
--

CREATE INDEX orders_order_user_id_e9b59eb1 ON public.orders_order USING btree (user_id);


--
-- Name: orders_orderitem_id_ac8234d7_like; Type: INDEX; Schema: public; Owner: postgres
--

CREATE INDEX orders_orderitem_id_ac8234d7_like ON public.orders_orderitem USING btree (id varchar_pattern_ops);


--
-- Name: orders_orderitem_order_id_fe61a34d; Type: INDEX; Schema: public; Owner: postgres
--

CREATE INDEX orders_orderitem_order_id_fe61a34d ON public.orders_orderitem USING btree (order_id);


--
-- Name: orders_orderitem_order_id_fe61a34d_like; Type: INDEX; Schema: public; Owner: postgres
--

CREATE INDEX orders_orderitem_order_id_fe61a34d_like ON public.orders_orderitem USING btree (order_id varchar_pattern_ops);


--
-- Name: orders_orderitem_product_id_afe4254a; Type: INDEX; Schema: public; Owner: postgres
--

CREATE INDEX orders_orderitem_product_id_afe4254a ON public.orders_orderitem USING btree (product_id);


--
-- Name: orders_orderitem_product_id_afe4254a_like; Type: INDEX; Schema: public; Owner: postgres
--

CREATE INDEX orders_orderitem_product_id_afe4254a_like ON public.orders_orderitem USING btree (product_id varchar_pattern_ops);


--
-- Name: products_product_added_by_id_476916d6; Type: INDEX; Schema: public; Owner: postgres
--

CREATE INDEX products_product_added_by_id_476916d6 ON public.products_product USING btree (added_by_id);


--
-- Name: products_product_category_id_9b594869; Type: INDEX; Schema: public; Owner: postgres
--

CREATE INDEX products_product_category_id_9b594869 ON public.products_product USING btree (category_id);


--
-- Name: products_product_id_158ae930_like; Type: INDEX; Schema: public; Owner: postgres
--

CREATE INDEX products_product_id_158ae930_like ON public.products_product USING btree (id varchar_pattern_ops);


--
-- Name: ratings_rating_product_id_1a679a97; Type: INDEX; Schema: public; Owner: postgres
--

CREATE INDEX ratings_rating_product_id_1a679a97 ON public.ratings_rating USING btree (product_id);


--
-- Name: ratings_rating_product_id_1a679a97_like; Type: INDEX; Schema: public; Owner: postgres
--

CREATE INDEX ratings_rating_product_id_1a679a97_like ON public.ratings_rating USING btree (product_id varchar_pattern_ops);


--
-- Name: ratings_rating_user_id_585192d7; Type: INDEX; Schema: public; Owner: postgres
--

CREATE INDEX ratings_rating_user_id_585192d7 ON public.ratings_rating USING btree (user_id);


--
-- Name: token_blacklist_outstandingtoken_jti_hex_d9bdf6f7_like; Type: INDEX; Schema: public; Owner: postgres
--

CREATE INDEX token_blacklist_outstandingtoken_jti_hex_d9bdf6f7_like ON public.token_blacklist_outstandingtoken USING btree (jti varchar_pattern_ops);


--
-- Name: token_blacklist_outstandingtoken_user_id_83bc629a; Type: INDEX; Schema: public; Owner: postgres
--

CREATE INDEX token_blacklist_outstandingtoken_user_id_83bc629a ON public.token_blacklist_outstandingtoken USING btree (user_id);


--
-- Name: allusers_user_groups allusers_user_groups_group_id_b0c0603b_fk_auth_group_id; Type: FK CONSTRAINT; Schema: public; Owner: postgres
--

ALTER TABLE ONLY public.allusers_user_groups
    ADD CONSTRAINT allusers_user_groups_group_id_b0c0603b_fk_auth_group_id FOREIGN KEY (group_id) REFERENCES public.auth_group(id) DEFERRABLE INITIALLY DEFERRED;


--
-- Name: allusers_user_groups allusers_user_groups_user_id_9ac164e1_fk_allusers_user_id; Type: FK CONSTRAINT; Schema: public; Owner: postgres
--

ALTER TABLE ONLY public.allusers_user_groups
    ADD CONSTRAINT allusers_user_groups_user_id_9ac164e1_fk_allusers_user_id FOREIGN KEY (user_id) REFERENCES public.allusers_user(id) DEFERRABLE INITIALLY DEFERRED;


--
-- Name: allusers_user_user_permissions allusers_user_user_p_permission_id_71a6467a_fk_auth_perm; Type: FK CONSTRAINT; Schema: public; Owner: postgres
--

ALTER TABLE ONLY public.allusers_user_user_permissions
    ADD CONSTRAINT allusers_user_user_p_permission_id_71a6467a_fk_auth_perm FOREIGN KEY (permission_id) REFERENCES public.auth_permission(id) DEFERRABLE INITIALLY DEFERRED;


--
-- Name: allusers_user_user_permissions allusers_user_user_p_user_id_98561278_fk_allusers_; Type: FK CONSTRAINT; Schema: public; Owner: postgres
--

ALTER TABLE ONLY public.allusers_user_user_permissions
    ADD CONSTRAINT allusers_user_user_p_user_id_98561278_fk_allusers_ FOREIGN KEY (user_id) REFERENCES public.allusers_user(id) DEFERRABLE INITIALLY DEFERRED;


--
-- Name: auth_group_permissions auth_group_permissio_permission_id_84c5c92e_fk_auth_perm; Type: FK CONSTRAINT; Schema: public; Owner: postgres
--

ALTER TABLE ONLY public.auth_group_permissions
    ADD CONSTRAINT auth_group_permissio_permission_id_84c5c92e_fk_auth_perm FOREIGN KEY (permission_id) REFERENCES public.auth_permission(id) DEFERRABLE INITIALLY DEFERRED;


--
-- Name: auth_group_permissions auth_group_permissions_group_id_b120cbf9_fk_auth_group_id; Type: FK CONSTRAINT; Schema: public; Owner: postgres
--

ALTER TABLE ONLY public.auth_group_permissions
    ADD CONSTRAINT auth_group_permissions_group_id_b120cbf9_fk_auth_group_id FOREIGN KEY (group_id) REFERENCES public.auth_group(id) DEFERRABLE INITIALLY DEFERRED;


--
-- Name: auth_permission auth_permission_content_type_id_2f476e4b_fk_django_co; Type: FK CONSTRAINT; Schema: public; Owner: postgres
--

ALTER TABLE ONLY public.auth_permission
    ADD CONSTRAINT auth_permission_content_type_id_2f476e4b_fk_django_co FOREIGN KEY (content_type_id) REFERENCES public.django_content_type(id) DEFERRABLE INITIALLY DEFERRED;


--
-- Name: authtoken_token authtoken_token_user_id_35299eff_fk_allusers_user_id; Type: FK CONSTRAINT; Schema: public; Owner: postgres
--

ALTER TABLE ONLY public.authtoken_token
    ADD CONSTRAINT authtoken_token_user_id_35299eff_fk_allusers_user_id FOREIGN KEY (user_id) REFERENCES public.allusers_user(id) DEFERRABLE INITIALLY DEFERRED;


--
-- Name: complaints_complaint complaints_complaint_customer_id_299bf0f5_fk_allusers_user_id; Type: FK CONSTRAINT; Schema: public; Owner: postgres
--

ALTER TABLE ONLY public.complaints_complaint
    ADD CONSTRAINT complaints_complaint_customer_id_299bf0f5_fk_allusers_user_id FOREIGN KEY (customer_id) REFERENCES public.allusers_user(id) DEFERRABLE INITIALLY DEFERRED;


--
-- Name: django_admin_log django_admin_log_content_type_id_c4bce8eb_fk_django_co; Type: FK CONSTRAINT; Schema: public; Owner: postgres
--

ALTER TABLE ONLY public.django_admin_log
    ADD CONSTRAINT django_admin_log_content_type_id_c4bce8eb_fk_django_co FOREIGN KEY (content_type_id) REFERENCES public.django_content_type(id) DEFERRABLE INITIALLY DEFERRED;


--
-- Name: django_admin_log django_admin_log_user_id_c564eba6_fk_allusers_user_id; Type: FK CONSTRAINT; Schema: public; Owner: postgres
--

ALTER TABLE ONLY public.django_admin_log
    ADD CONSTRAINT django_admin_log_user_id_c564eba6_fk_allusers_user_id FOREIGN KEY (user_id) REFERENCES public.allusers_user(id) DEFERRABLE INITIALLY DEFERRED;


--
-- Name: orders_order orders_order_user_id_e9b59eb1_fk_allusers_user_id; Type: FK CONSTRAINT; Schema: public; Owner: postgres
--

ALTER TABLE ONLY public.orders_order
    ADD CONSTRAINT orders_order_user_id_e9b59eb1_fk_allusers_user_id FOREIGN KEY (user_id) REFERENCES public.allusers_user(id) DEFERRABLE INITIALLY DEFERRED;


--
-- Name: orders_orderitem orders_orderitem_order_id_fe61a34d_fk_orders_order_id; Type: FK CONSTRAINT; Schema: public; Owner: postgres
--

ALTER TABLE ONLY public.orders_orderitem
    ADD CONSTRAINT orders_orderitem_order_id_fe61a34d_fk_orders_order_id FOREIGN KEY (order_id) REFERENCES public.orders_order(id) DEFERRABLE INITIALLY DEFERRED;


--
-- Name: orders_orderitem orders_orderitem_product_id_afe4254a_fk_products_product_id; Type: FK CONSTRAINT; Schema: public; Owner: postgres
--

ALTER TABLE ONLY public.orders_orderitem
    ADD CONSTRAINT orders_orderitem_product_id_afe4254a_fk_products_product_id FOREIGN KEY (product_id) REFERENCES public.products_product(id) DEFERRABLE INITIALLY DEFERRED;


--
-- Name: products_product products_product_added_by_id_476916d6_fk_allusers_user_id; Type: FK CONSTRAINT; Schema: public; Owner: postgres
--

ALTER TABLE ONLY public.products_product
    ADD CONSTRAINT products_product_added_by_id_476916d6_fk_allusers_user_id FOREIGN KEY (added_by_id) REFERENCES public.allusers_user(id) DEFERRABLE INITIALLY DEFERRED;


--
-- Name: products_product products_product_category_id_9b594869_fk_products_category_id; Type: FK CONSTRAINT; Schema: public; Owner: postgres
--

ALTER TABLE ONLY public.products_product
    ADD CONSTRAINT products_product_category_id_9b594869_fk_products_category_id FOREIGN KEY (category_id) REFERENCES public.products_category(id) DEFERRABLE INITIALLY DEFERRED;


--
-- Name: ratings_rating ratings_rating_product_id_1a679a97_fk_products_product_id; Type: FK CONSTRAINT; Schema: public; Owner: postgres
--

ALTER TABLE ONLY public.ratings_rating
    ADD CONSTRAINT ratings_rating_product_id_1a679a97_fk_products_product_id FOREIGN KEY (product_id) REFERENCES public.products_product(id) DEFERRABLE INITIALLY DEFERRED;


--
-- Name: ratings_rating ratings_rating_user_id_585192d7_fk_allusers_user_id; Type: FK CONSTRAINT; Schema: public; Owner: postgres
--

ALTER TABLE ONLY public.ratings_rating
    ADD CONSTRAINT ratings_rating_user_id_585192d7_fk_allusers_user_id FOREIGN KEY (user_id) REFERENCES public.allusers_user(id) DEFERRABLE INITIALLY DEFERRED;


--
-- Name: token_blacklist_blacklistedtoken token_blacklist_blacklistedtoken_token_id_3cc7fe56_fk; Type: FK CONSTRAINT; Schema: public; Owner: postgres
--

ALTER TABLE ONLY public.token_blacklist_blacklistedtoken
    ADD CONSTRAINT token_blacklist_blacklistedtoken_token_id_3cc7fe56_fk FOREIGN KEY (token_id) REFERENCES public.token_blacklist_outstandingtoken(id) DEFERRABLE INITIALLY DEFERRED;


--
-- Name: token_blacklist_outstandingtoken token_blacklist_outs_user_id_83bc629a_fk_allusers_; Type: FK CONSTRAINT; Schema: public; Owner: postgres
--

ALTER TABLE ONLY public.token_blacklist_outstandingtoken
    ADD CONSTRAINT token_blacklist_outs_user_id_83bc629a_fk_allusers_ FOREIGN KEY (user_id) REFERENCES public.allusers_user(id) DEFERRABLE INITIALLY DEFERRED;


--
-- Name: SCHEMA public; Type: ACL; Schema: -; Owner: postgres
--

REVOKE ALL ON SCHEMA public FROM rdsadmin;
REVOKE ALL ON SCHEMA public FROM PUBLIC;
GRANT ALL ON SCHEMA public TO postgres;
GRANT ALL ON SCHEMA public TO PUBLIC;


--
-- PostgreSQL database dump complete
--

